Title,Name,OrderIndex,DataType,Address,Length
IO_01,L_REQ,0,Bit,D6479.0,1
IO_01,U_REQ,1,Bit,D6479.1,1
IO_01,Ready,2,Bit,D6479.2,1
IO_01,CARRIER,3,Bit,D6479.3,1
IO_01,P.Error,4,Bit,D6479.4,1
IO_01,Spare,5,Bit,D6479.5,1
IO_01,P.Online,6,Bit,D6479.6,1
IO_01,P.E-STOP,7,Bit,D6479.7,1
IO_01,Transferring_FromSTK,8,Bit,D6479.8,1
IO_01,TR_REQ_FromSTK,9,Bit,D6479.9,1
IO_01,BUSY_FromSTK,10,Bit,D6479.A,1
IO_01,COMPLETE_FromSTK,11,Bit,D6479.B,1
IO_01,CRANE_1_FromSTK,12,Bit,D6479.C,1
IO_01,CRANE_2_FromSTK,13,Bit,D6479.D,1
IO_01,A.Error_FromSTK,14,Bit,D6479.E,1
IO_01,ForkNumber_FromSTK,15,Bit,D6479.F,1
IO_02,L_REQ,0,Bit,D6639.0,1
IO_02,U_REQ,1,Bit,D6639.1,1
IO_02,Ready,2,Bit,D6639.2,1
IO_02,CARRIER,3,Bit,D6639.3,1
IO_02,P.Error,4,Bit,D6639.4,1
IO_02,Spare,5,Bit,D6639.5,1
IO_02,P.Online,6,Bit,D6639.6,1
IO_02,P.E-STOP,7,Bit,D6639.7,1
IO_02,Transferring_FromSTK,8,Bit,D6639.8,1
IO_02,TR_REQ_FromSTK,9,Bit,D6639.9,1
IO_02,BUSY_FromSTK,10,Bit,D6639.A,1
IO_02,COMPLETE_FromSTK,11,Bit,D6639.B,1
IO_02,CRANE_1_FromSTK,12,Bit,D6639.C,1
IO_02,CRANE_2_FromSTK,13,Bit,D6639.D,1
IO_02,A.Error_FromSTK,14,Bit,D6639.E,1
IO_02,ForkNumber_FromSTK,15,Bit,D6639.F,1
IO_03,L_REQ,0,Bit,D6799.0,1
IO_03,U_REQ,1,Bit,D6799.1,1
IO_03,Ready,2,Bit,D6799.2,1
IO_03,CARRIER,3,Bit,D6799.3,1
IO_03,P.Error,4,Bit,D6799.4,1
IO_03,Spare,5,Bit,D6799.5,1
IO_03,P.Online,6,Bit,D6799.6,1
IO_03,P.E-STOP,7,Bit,D6799.7,1
IO_03,Transferring_FromSTK,8,Bit,D6799.8,1
IO_03,TR_REQ_FromSTK,9,Bit,D6799.9,1
IO_03,BUSY_FromSTK,10,Bit,D6799.A,1
IO_03,COMPLETE_FromSTK,11,Bit,D6799.B,1
IO_03,CRANE_1_FromSTK,12,Bit,D6799.C,1
IO_03,CRANE_2_FromSTK,13,Bit,D6799.D,1
IO_03,A.Error_FromSTK,14,Bit,D6799.E,1
IO_03,ForkNumber_FromSTK,15,Bit,D6799.F,1
IO_04,L_REQ,0,Bit,D6959.0,1
IO_04,U_REQ,1,Bit,D6959.1,1
IO_04,Ready,2,Bit,D6959.2,1
IO_04,CARRIER,3,Bit,D6959.3,1
IO_04,P.Error,4,Bit,D6959.4,1
IO_04,Spare,5,Bit,D6959.5,1
IO_04,P.Online,6,Bit,D6959.6,1
IO_04,P.E-STOP,7,Bit,D6959.7,1
IO_04,Transferring_FromSTK,8,Bit,D6959.8,1
IO_04,TR_REQ_FromSTK,9,Bit,D6959.9,1
IO_04,BUSY_FromSTK,10,Bit,D6959.A,1
IO_04,COMPLETE_FromSTK,11,Bit,D6959.B,1
IO_04,CRANE_1_FromSTK,12,Bit,D6959.C,1
IO_04,CRANE_2_FromSTK,13,Bit,D6959.D,1
IO_04,A.Error_FromSTK,14,Bit,D6959.E,1
IO_04,ForkNumber_FromSTK,15,Bit,D6959.F,1
IO_05,L_REQ,0,Bit,D7119.0,1
IO_05,U_REQ,1,Bit,D7119.1,1
IO_05,Ready,2,Bit,D7119.2,1
IO_05,CARRIER,3,Bit,D7119.3,1
IO_05,P.Error,4,Bit,D7119.4,1
IO_05,Spare,5,Bit,D7119.5,1
IO_05,P.Online,6,Bit,D7119.6,1
IO_05,P.E-STOP,7,Bit,D7119.7,1
IO_05,Transferring_FromSTK,8,Bit,D7119.8,1
IO_05,TR_REQ_FromSTK,9,Bit,D7119.9,1
IO_05,BUSY_FromSTK,10,Bit,D7119.A,1
IO_05,COMPLETE_FromSTK,11,Bit,D7119.B,1
IO_05,CRANE_1_FromSTK,12,Bit,D7119.C,1
IO_05,CRANE_2_FromSTK,13,Bit,D7119.D,1
IO_05,A.Error_FromSTK,14,Bit,D7119.E,1
IO_05,ForkNumber_FromSTK,15,Bit,D7119.F,1
IO_06,L_REQ,0,Bit,D7279.0,1
IO_06,U_REQ,1,Bit,D7279.1,1
IO_06,Ready,2,Bit,D7279.2,1
IO_06,CARRIER,3,Bit,D7279.3,1
IO_06,P.Error,4,Bit,D7279.4,1
IO_06,Spare,5,Bit,D7279.5,1
IO_06,P.Online,6,Bit,D7279.6,1
IO_06,P.E-STOP,7,Bit,D7279.7,1
IO_06,Transferring_FromSTK,8,Bit,D7279.8,1
IO_06,TR_REQ_FromSTK,9,Bit,D7279.9,1
IO_06,BUSY_FromSTK,10,Bit,D7279.A,1
IO_06,COMPLETE_FromSTK,11,Bit,D7279.B,1
IO_06,CRANE_1_FromSTK,12,Bit,D7279.C,1
IO_06,CRANE_2_FromSTK,13,Bit,D7279.D,1
IO_06,A.Error_FromSTK,14,Bit,D7279.E,1
IO_06,ForkNumber_FromSTK,15,Bit,D7279.F,1
IO_07,L_REQ,0,Bit,D7439.0,1
IO_07,U_REQ,1,Bit,D7439.1,1
IO_07,Ready,2,Bit,D7439.2,1
IO_07,CARRIER,3,Bit,D7439.3,1
IO_07,P.Error,4,Bit,D7439.4,1
IO_07,Spare,5,Bit,D7439.5,1
IO_07,P.Online,6,Bit,D7439.6,1
IO_07,P.E-STOP,7,Bit,D7439.7,1
IO_07,Transferring_FromSTK,8,Bit,D7439.8,1
IO_07,TR_REQ_FromSTK,9,Bit,D7439.9,1
IO_07,BUSY_FromSTK,10,Bit,D7439.A,1
IO_07,COMPLETE_FromSTK,11,Bit,D7439.B,1
IO_07,CRANE_1_FromSTK,12,Bit,D7439.C,1
IO_07,CRANE_2_FromSTK,13,Bit,D7439.D,1
IO_07,A.Error_FromSTK,14,Bit,D7439.E,1
IO_07,ForkNumber_FromSTK,15,Bit,D7439.F,1
IO_08,L_REQ,0,Bit,D7599.0,1
IO_08,U_REQ,1,Bit,D7599.1,1
IO_08,Ready,2,Bit,D7599.2,1
IO_08,CARRIER,3,Bit,D7599.3,1
IO_08,P.Error,4,Bit,D7599.4,1
IO_08,Spare,5,Bit,D7599.5,1
IO_08,P.Online,6,Bit,D7599.6,1
IO_08,P.E-STOP,7,Bit,D7599.7,1
IO_08,Transferring_FromSTK,8,Bit,D7599.8,1
IO_08,TR_REQ_FromSTK,9,Bit,D7599.9,1
IO_08,BUSY_FromSTK,10,Bit,D7599.A,1
IO_08,COMPLETE_FromSTK,11,Bit,D7599.B,1
IO_08,CRANE_1_FromSTK,12,Bit,D7599.C,1
IO_08,CRANE_2_FromSTK,13,Bit,D7599.D,1
IO_08,A.Error_FromSTK,14,Bit,D7599.E,1
IO_08,ForkNumber_FromSTK,15,Bit,D7599.F,1
IO_09,L_REQ,0,Bit,D7759.0,1
IO_09,U_REQ,1,Bit,D7759.1,1
IO_09,Ready,2,Bit,D7759.2,1
IO_09,CARRIER,3,Bit,D7759.3,1
IO_09,P.Error,4,Bit,D7759.4,1
IO_09,Spare,5,Bit,D7759.5,1
IO_09,P.Online,6,Bit,D7759.6,1
IO_09,P.E-STOP,7,Bit,D7759.7,1
IO_09,Transferring_FromSTK,8,Bit,D7759.8,1
IO_09,TR_REQ_FromSTK,9,Bit,D7759.9,1
IO_09,BUSY_FromSTK,10,Bit,D7759.A,1
IO_09,COMPLETE_FromSTK,11,Bit,D7759.B,1
IO_09,CRANE_1_FromSTK,12,Bit,D7759.C,1
IO_09,CRANE_2_FromSTK,13,Bit,D7759.D,1
IO_09,A.Error_FromSTK,14,Bit,D7759.E,1
IO_09,ForkNumber_FromSTK,15,Bit,D7759.F,1
IO_10,L_REQ,0,Bit,D7919.0,1
IO_10,U_REQ,1,Bit,D7919.1,1
IO_10,Ready,2,Bit,D7919.2,1
IO_10,CARRIER,3,Bit,D7919.3,1
IO_10,P.Error,4,Bit,D7919.4,1
IO_10,Spare,5,Bit,D7919.5,1
IO_10,P.Online,6,Bit,D7919.6,1
IO_10,P.E-STOP,7,Bit,D7919.7,1
IO_10,Transferring_FromSTK,8,Bit,D7919.8,1
IO_10,TR_REQ_FromSTK,9,Bit,D7919.9,1
IO_10,BUSY_FromSTK,10,Bit,D7919.A,1
IO_10,COMPLETE_FromSTK,11,Bit,D7919.B,1
IO_10,CRANE_1_FromSTK,12,Bit,D7919.C,1
IO_10,CRANE_2_FromSTK,13,Bit,D7919.D,1
IO_10,A.Error_FromSTK,14,Bit,D7919.E,1
IO_10,ForkNumber_FromSTK,15,Bit,D7919.F,1
IO_11,L_REQ,0,Bit,D8079.0,1
IO_11,U_REQ,1,Bit,D8079.1,1
IO_11,Ready,2,Bit,D8079.2,1
IO_11,CARRIER,3,Bit,D8079.3,1
IO_11,P.Error,4,Bit,D8079.4,1
IO_11,Spare,5,Bit,D8079.5,1
IO_11,P.Online,6,Bit,D8079.6,1
IO_11,P.E-STOP,7,Bit,D8079.7,1
IO_11,Transferring_FromSTK,8,Bit,D8079.8,1
IO_11,TR_REQ_FromSTK,9,Bit,D8079.9,1
IO_11,BUSY_FromSTK,10,Bit,D8079.A,1
IO_11,COMPLETE_FromSTK,11,Bit,D8079.B,1
IO_11,CRANE_1_FromSTK,12,Bit,D8079.C,1
IO_11,CRANE_2_FromSTK,13,Bit,D8079.D,1
IO_11,A.Error_FromSTK,14,Bit,D8079.E,1
IO_11,ForkNumber_FromSTK,15,Bit,D8079.F,1
IO_12,L_REQ,0,Bit,D8239.0,1
IO_12,U_REQ,1,Bit,D8239.1,1
IO_12,Ready,2,Bit,D8239.2,1
IO_12,CARRIER,3,Bit,D8239.3,1
IO_12,P.Error,4,Bit,D8239.4,1
IO_12,Spare,5,Bit,D8239.5,1
IO_12,P.Online,6,Bit,D8239.6,1
IO_12,P.E-STOP,7,Bit,D8239.7,1
IO_12,Transferring_FromSTK,8,Bit,D8239.8,1
IO_12,TR_REQ_FromSTK,9,Bit,D8239.9,1
IO_12,BUSY_FromSTK,10,Bit,D8239.A,1
IO_12,COMPLETE_FromSTK,11,Bit,D8239.B,1
IO_12,CRANE_1_FromSTK,12,Bit,D8239.C,1
IO_12,CRANE_2_FromSTK,13,Bit,D8239.D,1
IO_12,A.Error_FromSTK,14,Bit,D8239.E,1
IO_12,ForkNumber_FromSTK,15,Bit,D8239.F,1
IO_13,L_REQ,0,Bit,D8399.0,1
IO_13,U_REQ,1,Bit,D8399.1,1
IO_13,Ready,2,Bit,D8399.2,1
IO_13,CARRIER,3,Bit,D8399.3,1
IO_13,P.Error,4,Bit,D8399.4,1
IO_13,Spare,5,Bit,D8399.5,1
IO_13,P.Online,6,Bit,D8399.6,1
IO_13,P.E-STOP,7,Bit,D8399.7,1
IO_13,Transferring_FromSTK,8,Bit,D8399.8,1
IO_13,TR_REQ_FromSTK,9,Bit,D8399.9,1
IO_13,BUSY_FromSTK,10,Bit,D8399.A,1
IO_13,COMPLETE_FromSTK,11,Bit,D8399.B,1
IO_13,CRANE_1_FromSTK,12,Bit,D8399.C,1
IO_13,CRANE_2_FromSTK,13,Bit,D8399.D,1
IO_13,A.Error_FromSTK,14,Bit,D8399.E,1
IO_13,ForkNumber_FromSTK,15,Bit,D8399.F,1
IO_14,L_REQ,0,Bit,D8559.0,1
IO_14,U_REQ,1,Bit,D8559.1,1
IO_14,Ready,2,Bit,D8559.2,1
IO_14,CARRIER,3,Bit,D8559.3,1
IO_14,P.Error,4,Bit,D8559.4,1
IO_14,Spare,5,Bit,D8559.5,1
IO_14,P.Online,6,Bit,D8559.6,1
IO_14,P.E-STOP,7,Bit,D8559.7,1
IO_14,Transferring_FromSTK,8,Bit,D8559.8,1
IO_14,TR_REQ_FromSTK,9,Bit,D8559.9,1
IO_14,BUSY_FromSTK,10,Bit,D8559.A,1
IO_14,COMPLETE_FromSTK,11,Bit,D8559.B,1
IO_14,CRANE_1_FromSTK,12,Bit,D8559.C,1
IO_14,CRANE_2_FromSTK,13,Bit,D8559.D,1
IO_14,A.Error_FromSTK,14,Bit,D8559.E,1
IO_14,ForkNumber_FromSTK,15,Bit,D8559.F,1
IO_15,L_REQ,0,Bit,D8719.0,1
IO_15,U_REQ,1,Bit,D8719.1,1
IO_15,Ready,2,Bit,D8719.2,1
IO_15,CARRIER,3,Bit,D8719.3,1
IO_15,P.Error,4,Bit,D8719.4,1
IO_15,Spare,5,Bit,D8719.5,1
IO_15,P.Online,6,Bit,D8719.6,1
IO_15,P.E-STOP,7,Bit,D8719.7,1
IO_15,Transferring_FromSTK,8,Bit,D8719.8,1
IO_15,TR_REQ_FromSTK,9,Bit,D8719.9,1
IO_15,BUSY_FromSTK,10,Bit,D8719.A,1
IO_15,COMPLETE_FromSTK,11,Bit,D8719.B,1
IO_15,CRANE_1_FromSTK,12,Bit,D8719.C,1
IO_15,CRANE_2_FromSTK,13,Bit,D8719.D,1
IO_15,A.Error_FromSTK,14,Bit,D8719.E,1
IO_15,ForkNumber_FromSTK,15,Bit,D8719.F,1
IO_16,L_REQ,0,Bit,D8879.0,1
IO_16,U_REQ,1,Bit,D8879.1,1
IO_16,Ready,2,Bit,D8879.2,1
IO_16,CARRIER,3,Bit,D8879.3,1
IO_16,P.Error,4,Bit,D8879.4,1
IO_16,Spare,5,Bit,D8879.5,1
IO_16,P.Online,6,Bit,D8879.6,1
IO_16,P.E-STOP,7,Bit,D8879.7,1
IO_16,Transferring_FromSTK,8,Bit,D8879.8,1
IO_16,TR_REQ_FromSTK,9,Bit,D8879.9,1
IO_16,BUSY_FromSTK,10,Bit,D8879.A,1
IO_16,COMPLETE_FromSTK,11,Bit,D8879.B,1
IO_16,CRANE_1_FromSTK,12,Bit,D8879.C,1
IO_16,CRANE_2_FromSTK,13,Bit,D8879.D,1
IO_16,A.Error_FromSTK,14,Bit,D8879.E,1
IO_16,ForkNumber_FromSTK,15,Bit,D8879.F,1
IO_17,L_REQ,0,Bit,D9039.0,1
IO_17,U_REQ,1,Bit,D9039.1,1
IO_17,Ready,2,Bit,D9039.2,1
IO_17,CARRIER,3,Bit,D9039.3,1
IO_17,P.Error,4,Bit,D9039.4,1
IO_17,Spare,5,Bit,D9039.5,1
IO_17,P.Online,6,Bit,D9039.6,1
IO_17,P.E-STOP,7,Bit,D9039.7,1
IO_17,Transferring_FromSTK,8,Bit,D9039.8,1
IO_17,TR_REQ_FromSTK,9,Bit,D9039.9,1
IO_17,BUSY_FromSTK,10,Bit,D9039.A,1
IO_17,COMPLETE_FromSTK,11,Bit,D9039.B,1
IO_17,CRANE_1_FromSTK,12,Bit,D9039.C,1
IO_17,CRANE_2_FromSTK,13,Bit,D9039.D,1
IO_17,A.Error_FromSTK,14,Bit,D9039.E,1
IO_17,ForkNumber_FromSTK,15,Bit,D9039.F,1
IO_18,L_REQ,0,Bit,D9199.0,1
IO_18,U_REQ,1,Bit,D9199.1,1
IO_18,Ready,2,Bit,D9199.2,1
IO_18,CARRIER,3,Bit,D9199.3,1
IO_18,P.Error,4,Bit,D9199.4,1
IO_18,Spare,5,Bit,D9199.5,1
IO_18,P.Online,6,Bit,D9199.6,1
IO_18,P.E-STOP,7,Bit,D9199.7,1
IO_18,Transferring_FromSTK,8,Bit,D9199.8,1
IO_18,TR_REQ_FromSTK,9,Bit,D9199.9,1
IO_18,BUSY_FromSTK,10,Bit,D9199.A,1
IO_18,COMPLETE_FromSTK,11,Bit,D9199.B,1
IO_18,CRANE_1_FromSTK,12,Bit,D9199.C,1
IO_18,CRANE_2_FromSTK,13,Bit,D9199.D,1
IO_18,A.Error_FromSTK,14,Bit,D9199.E,1
IO_18,ForkNumber_FromSTK,15,Bit,D9199.F,1
IO_19,L_REQ,0,Bit,D9359.0,1
IO_19,U_REQ,1,Bit,D9359.1,1
IO_19,Ready,2,Bit,D9359.2,1
IO_19,CARRIER,3,Bit,D9359.3,1
IO_19,P.Error,4,Bit,D9359.4,1
IO_19,Spare,5,Bit,D9359.5,1
IO_19,P.Online,6,Bit,D9359.6,1
IO_19,P.E-STOP,7,Bit,D9359.7,1
IO_19,Transferring_FromSTK,8,Bit,D9359.8,1
IO_19,TR_REQ_FromSTK,9,Bit,D9359.9,1
IO_19,BUSY_FromSTK,10,Bit,D9359.A,1
IO_19,COMPLETE_FromSTK,11,Bit,D9359.B,1
IO_19,CRANE_1_FromSTK,12,Bit,D9359.C,1
IO_19,CRANE_2_FromSTK,13,Bit,D9359.D,1
IO_19,A.Error_FromSTK,14,Bit,D9359.E,1
IO_19,ForkNumber_FromSTK,15,Bit,D9359.F,1
IO_20,L_REQ,0,Bit,D9519.0,1
IO_20,U_REQ,1,Bit,D9519.1,1
IO_20,Ready,2,Bit,D9519.2,1
IO_20,CARRIER,3,Bit,D9519.3,1
IO_20,P.Error,4,Bit,D9519.4,1
IO_20,Spare,5,Bit,D9519.5,1
IO_20,P.Online,6,Bit,D9519.6,1
IO_20,P.E-STOP,7,Bit,D9519.7,1
IO_20,Transferring_FromSTK,8,Bit,D9519.8,1
IO_20,TR_REQ_FromSTK,9,Bit,D9519.9,1
IO_20,BUSY_FromSTK,10,Bit,D9519.A,1
IO_20,COMPLETE_FromSTK,11,Bit,D9519.B,1
IO_20,CRANE_1_FromSTK,12,Bit,D9519.C,1
IO_20,CRANE_2_FromSTK,13,Bit,D9519.D,1
IO_20,A.Error_FromSTK,14,Bit,D9519.E,1
IO_20,ForkNumber_FromSTK,15,Bit,D9519.F,1
IO_21,L_REQ,0,Bit,D9679.0,1
IO_21,U_REQ,1,Bit,D9679.1,1
IO_21,Ready,2,Bit,D9679.2,1
IO_21,CARRIER,3,Bit,D9679.3,1
IO_21,P.Error,4,Bit,D9679.4,1
IO_21,Spare,5,Bit,D9679.5,1
IO_21,P.Online,6,Bit,D9679.6,1
IO_21,P.E-STOP,7,Bit,D9679.7,1
IO_21,Transferring_FromSTK,8,Bit,D9679.8,1
IO_21,TR_REQ_FromSTK,9,Bit,D9679.9,1
IO_21,BUSY_FromSTK,10,Bit,D9679.A,1
IO_21,COMPLETE_FromSTK,11,Bit,D9679.B,1
IO_21,CRANE_1_FromSTK,12,Bit,D9679.C,1
IO_21,CRANE_2_FromSTK,13,Bit,D9679.D,1
IO_21,A.Error_FromSTK,14,Bit,D9679.E,1
IO_21,ForkNumber_FromSTK,15,Bit,D9679.F,1
IO_22,L_REQ,0,Bit,D9839.0,1
IO_22,U_REQ,1,Bit,D9839.1,1
IO_22,Ready,2,Bit,D9839.2,1
IO_22,CARRIER,3,Bit,D9839.3,1
IO_22,P.Error,4,Bit,D9839.4,1
IO_22,Spare,5,Bit,D9839.5,1
IO_22,P.Online,6,Bit,D9839.6,1
IO_22,P.E-STOP,7,Bit,D9839.7,1
IO_22,Transferring_FromSTK,8,Bit,D9839.8,1
IO_22,TR_REQ_FromSTK,9,Bit,D9839.9,1
IO_22,BUSY_FromSTK,10,Bit,D9839.A,1
IO_22,COMPLETE_FromSTK,11,Bit,D9839.B,1
IO_22,CRANE_1_FromSTK,12,Bit,D9839.C,1
IO_22,CRANE_2_FromSTK,13,Bit,D9839.D,1
IO_22,A.Error_FromSTK,14,Bit,D9839.E,1
IO_22,ForkNumber_FromSTK,15,Bit,D9839.F,1
IO_23,L_REQ,0,Bit,D9999.0,1
IO_23,U_REQ,1,Bit,D9999.1,1
IO_23,Ready,2,Bit,D9999.2,1
IO_23,CARRIER,3,Bit,D9999.3,1
IO_23,P.Error,4,Bit,D9999.4,1
IO_23,Spare,5,Bit,D9999.5,1
IO_23,P.Online,6,Bit,D9999.6,1
IO_23,P.E-STOP,7,Bit,D9999.7,1
IO_23,Transferring_FromSTK,8,Bit,D9999.8,1
IO_23,TR_REQ_FromSTK,9,Bit,D9999.9,1
IO_23,BUSY_FromSTK,10,Bit,D9999.A,1
IO_23,COMPLETE_FromSTK,11,Bit,D9999.B,1
IO_23,CRANE_1_FromSTK,12,Bit,D9999.C,1
IO_23,CRANE_2_FromSTK,13,Bit,D9999.D,1
IO_23,A.Error_FromSTK,14,Bit,D9999.E,1
IO_23,ForkNumber_FromSTK,15,Bit,D9999.F,1
IO_24,L_REQ,0,Bit,D10159.0,1
IO_24,U_REQ,1,Bit,D10159.1,1
IO_24,Ready,2,Bit,D10159.2,1
IO_24,CARRIER,3,Bit,D10159.3,1
IO_24,P.Error,4,Bit,D10159.4,1
IO_24,Spare,5,Bit,D10159.5,1
IO_24,P.Online,6,Bit,D10159.6,1
IO_24,P.E-STOP,7,Bit,D10159.7,1
IO_24,Transferring_FromSTK,8,Bit,D10159.8,1
IO_24,TR_REQ_FromSTK,9,Bit,D10159.9,1
IO_24,BUSY_FromSTK,10,Bit,D10159.A,1
IO_24,COMPLETE_FromSTK,11,Bit,D10159.B,1
IO_24,CRANE_1_FromSTK,12,Bit,D10159.C,1
IO_24,CRANE_2_FromSTK,13,Bit,D10159.D,1
IO_24,A.Error_FromSTK,14,Bit,D10159.E,1
IO_24,ForkNumber_FromSTK,15,Bit,D10159.F,1
IO_25,L_REQ,0,Bit,D10319.0,1
IO_25,U_REQ,1,Bit,D10319.1,1
IO_25,Ready,2,Bit,D10319.2,1
IO_25,CARRIER,3,Bit,D10319.3,1
IO_25,P.Error,4,Bit,D10319.4,1
IO_25,Spare,5,Bit,D10319.5,1
IO_25,P.Online,6,Bit,D10319.6,1
IO_25,P.E-STOP,7,Bit,D10319.7,1
IO_25,Transferring_FromSTK,8,Bit,D10319.8,1
IO_25,TR_REQ_FromSTK,9,Bit,D10319.9,1
IO_25,BUSY_FromSTK,10,Bit,D10319.A,1
IO_25,COMPLETE_FromSTK,11,Bit,D10319.B,1
IO_25,CRANE_1_FromSTK,12,Bit,D10319.C,1
IO_25,CRANE_2_FromSTK,13,Bit,D10319.D,1
IO_25,A.Error_FromSTK,14,Bit,D10319.E,1
IO_25,ForkNumber_FromSTK,15,Bit,D10319.F,1
EQ_01,L_REQ,0,Bit,D10412.0,1
EQ_01,U_REQ,1,Bit,D10412.1,1
EQ_01,Ready,2,Bit,D10412.2,1
EQ_01,CARRIER,3,Bit,D10412.3,1
EQ_01,P.Error,4,Bit,D10412.4,1
EQ_01,Spare,5,Bit,D10412.5,1
EQ_01,P.Online,6,Bit,D10412.6,1
EQ_01,P.E-STOP,7,Bit,D10412.7,1
EQ_01,Transferring_FromSTK,8,Bit,D10412.8,1
EQ_01,TR_REQ_FromSTK,9,Bit,D10412.9,1
EQ_01,BUSY_FromSTK,10,Bit,D10412.A,1
EQ_01,COMPLETE_FromSTK,11,Bit,D10412.B,1
EQ_01,CRANE_1_FromSTK,12,Bit,D10412.C,1
EQ_01,CRANE_2_FromSTK,13,Bit,D10412.D,1
EQ_01,A.Error_FromSTK,14,Bit,D10412.E,1
EQ_01,ForkNumber_FromSTK,15,Bit,D10412.F,1
EQ_01,CSTID,16,WordBlock,W2900,10
EQ_02,L_REQ,0,Bit,D10416.0,1
EQ_02,U_REQ,1,Bit,D10416.1,1
EQ_02,Ready,2,Bit,D10416.2,1
EQ_02,CARRIER,3,Bit,D10416.3,1
EQ_02,P.Error,4,Bit,D10416.4,1
EQ_02,Spare,5,Bit,D10416.5,1
EQ_02,P.Online,6,Bit,D10416.6,1
EQ_02,P.E-STOP,7,Bit,D10416.7,1
EQ_02,Transferring_FromSTK,8,Bit,D10416.8,1
EQ_02,TR_REQ_FromSTK,9,Bit,D10416.9,1
EQ_02,BUSY_FromSTK,10,Bit,D10416.A,1
EQ_02,COMPLETE_FromSTK,11,Bit,D10416.B,1
EQ_02,CRANE_1_FromSTK,12,Bit,D10416.C,1
EQ_02,CRANE_2_FromSTK,13,Bit,D10416.D,1
EQ_02,A.Error_FromSTK,14,Bit,D10416.E,1
EQ_02,ForkNumber_FromSTK,15,Bit,D10416.F,1
EQ_02,CSTID,16,WordBlock,W2910,10
EQ_03,L_REQ,0,Bit,D10420.0,1
EQ_03,U_REQ,1,Bit,D10420.1,1
EQ_03,Ready,2,Bit,D10420.2,1
EQ_03,CARRIER,3,Bit,D10420.3,1
EQ_03,P.Error,4,Bit,D10420.4,1
EQ_03,Spare,5,Bit,D10420.5,1
EQ_03,P.Online,6,Bit,D10420.6,1
EQ_03,P.E-STOP,7,Bit,D10420.7,1
EQ_03,Transferring_FromSTK,8,Bit,D10420.8,1
EQ_03,TR_REQ_FromSTK,9,Bit,D10420.9,1
EQ_03,BUSY_FromSTK,10,Bit,D10420.A,1
EQ_03,COMPLETE_FromSTK,11,Bit,D10420.B,1
EQ_03,CRANE_1_FromSTK,12,Bit,D10420.C,1
EQ_03,CRANE_2_FromSTK,13,Bit,D10420.D,1
EQ_03,A.Error_FromSTK,14,Bit,D10420.E,1
EQ_03,ForkNumber_FromSTK,15,Bit,D10420.F,1
EQ_03,CSTID,16,WordBlock,W2920,10
EQ_04,L_REQ,0,Bit,D10424.0,1
EQ_04,U_REQ,1,Bit,D10424.1,1
EQ_04,Ready,2,Bit,D10424.2,1
EQ_04,CARRIER,3,Bit,D10424.3,1
EQ_04,P.Error,4,Bit,D10424.4,1
EQ_04,Spare,5,Bit,D10424.5,1
EQ_04,P.Online,6,Bit,D10424.6,1
EQ_04,P.E-STOP,7,Bit,D10424.7,1
EQ_04,Transferring_FromSTK,8,Bit,D10424.8,1
EQ_04,TR_REQ_FromSTK,9,Bit,D10424.9,1
EQ_04,BUSY_FromSTK,10,Bit,D10424.A,1
EQ_04,COMPLETE_FromSTK,11,Bit,D10424.B,1
EQ_04,CRANE_1_FromSTK,12,Bit,D10424.C,1
EQ_04,CRANE_2_FromSTK,13,Bit,D10424.D,1
EQ_04,A.Error_FromSTK,14,Bit,D10424.E,1
EQ_04,ForkNumber_FromSTK,15,Bit,D10424.F,1
EQ_04,CSTID,16,WordBlock,W2930,10
EQ_05,L_REQ,0,Bit,D10428.0,1
EQ_05,U_REQ,1,Bit,D10428.1,1
EQ_05,Ready,2,Bit,D10428.2,1
EQ_05,CARRIER,3,Bit,D10428.3,1
EQ_05,P.Error,4,Bit,D10428.4,1
EQ_05,Spare,5,Bit,D10428.5,1
EQ_05,P.Online,6,Bit,D10428.6,1
EQ_05,P.E-STOP,7,Bit,D10428.7,1
EQ_05,Transferring_FromSTK,8,Bit,D10428.8,1
EQ_05,TR_REQ_FromSTK,9,Bit,D10428.9,1
EQ_05,BUSY_FromSTK,10,Bit,D10428.A,1
EQ_05,COMPLETE_FromSTK,11,Bit,D10428.B,1
EQ_05,CRANE_1_FromSTK,12,Bit,D10428.C,1
EQ_05,CRANE_2_FromSTK,13,Bit,D10428.D,1
EQ_05,A.Error_FromSTK,14,Bit,D10428.E,1
EQ_05,ForkNumber_FromSTK,15,Bit,D10428.F,1
EQ_05,CSTID,16,WordBlock,W2940,10
EQ_06,L_REQ,0,Bit,D10432.0,1
EQ_06,U_REQ,1,Bit,D10432.1,1
EQ_06,Ready,2,Bit,D10432.2,1
EQ_06,CARRIER,3,Bit,D10432.3,1
EQ_06,P.Error,4,Bit,D10432.4,1
EQ_06,Spare,5,Bit,D10432.5,1
EQ_06,P.Online,6,Bit,D10432.6,1
EQ_06,P.E-STOP,7,Bit,D10432.7,1
EQ_06,Transferring_FromSTK,8,Bit,D10432.8,1
EQ_06,TR_REQ_FromSTK,9,Bit,D10432.9,1
EQ_06,BUSY_FromSTK,10,Bit,D10432.A,1
EQ_06,COMPLETE_FromSTK,11,Bit,D10432.B,1
EQ_06,CRANE_1_FromSTK,12,Bit,D10432.C,1
EQ_06,CRANE_2_FromSTK,13,Bit,D10432.D,1
EQ_06,A.Error_FromSTK,14,Bit,D10432.E,1
EQ_06,ForkNumber_FromSTK,15,Bit,D10432.F,1
EQ_06,CSTID,16,WordBlock,W2950,10
EQ_07,L_REQ,0,Bit,D10436.0,1
EQ_07,U_REQ,1,Bit,D10436.1,1
EQ_07,Ready,2,Bit,D10436.2,1
EQ_07,CARRIER,3,Bit,D10436.3,1
EQ_07,P.Error,4,Bit,D10436.4,1
EQ_07,Spare,5,Bit,D10436.5,1
EQ_07,P.Online,6,Bit,D10436.6,1
EQ_07,P.E-STOP,7,Bit,D10436.7,1
EQ_07,Transferring_FromSTK,8,Bit,D10436.8,1
EQ_07,TR_REQ_FromSTK,9,Bit,D10436.9,1
EQ_07,BUSY_FromSTK,10,Bit,D10436.A,1
EQ_07,COMPLETE_FromSTK,11,Bit,D10436.B,1
EQ_07,CRANE_1_FromSTK,12,Bit,D10436.C,1
EQ_07,CRANE_2_FromSTK,13,Bit,D10436.D,1
EQ_07,A.Error_FromSTK,14,Bit,D10436.E,1
EQ_07,ForkNumber_FromSTK,15,Bit,D10436.F,1
EQ_07,CSTID,16,WordBlock,W2960,10
EQ_08,L_REQ,0,Bit,D10440.0,1
EQ_08,U_REQ,1,Bit,D10440.1,1
EQ_08,Ready,2,Bit,D10440.2,1
EQ_08,CARRIER,3,Bit,D10440.3,1
EQ_08,P.Error,4,Bit,D10440.4,1
EQ_08,Spare,5,Bit,D10440.5,1
EQ_08,P.Online,6,Bit,D10440.6,1
EQ_08,P.E-STOP,7,Bit,D10440.7,1
EQ_08,Transferring_FromSTK,8,Bit,D10440.8,1
EQ_08,TR_REQ_FromSTK,9,Bit,D10440.9,1
EQ_08,BUSY_FromSTK,10,Bit,D10440.A,1
EQ_08,COMPLETE_FromSTK,11,Bit,D10440.B,1
EQ_08,CRANE_1_FromSTK,12,Bit,D10440.C,1
EQ_08,CRANE_2_FromSTK,13,Bit,D10440.D,1
EQ_08,A.Error_FromSTK,14,Bit,D10440.E,1
EQ_08,ForkNumber_FromSTK,15,Bit,D10440.F,1
EQ_08,CSTID,16,WordBlock,W2970,10
EQ_09,L_REQ,0,Bit,D10444.0,1
EQ_09,U_REQ,1,Bit,D10444.1,1
EQ_09,Ready,2,Bit,D10444.2,1
EQ_09,CARRIER,3,Bit,D10444.3,1
EQ_09,P.Error,4,Bit,D10444.4,1
EQ_09,Spare,5,Bit,D10444.5,1
EQ_09,P.Online,6,Bit,D10444.6,1
EQ_09,P.E-STOP,7,Bit,D10444.7,1
EQ_09,Transferring_FromSTK,8,Bit,D10444.8,1
EQ_09,TR_REQ_FromSTK,9,Bit,D10444.9,1
EQ_09,BUSY_FromSTK,10,Bit,D10444.A,1
EQ_09,COMPLETE_FromSTK,11,Bit,D10444.B,1
EQ_09,CRANE_1_FromSTK,12,Bit,D10444.C,1
EQ_09,CRANE_2_FromSTK,13,Bit,D10444.D,1
EQ_09,A.Error_FromSTK,14,Bit,D10444.E,1
EQ_09,ForkNumber_FromSTK,15,Bit,D10444.F,1
EQ_09,CSTID,16,WordBlock,W2980,10
EQ_10,L_REQ,0,Bit,D10448.0,1
EQ_10,U_REQ,1,Bit,D10448.1,1
EQ_10,Ready,2,Bit,D10448.2,1
EQ_10,CARRIER,3,Bit,D10448.3,1
EQ_10,P.Error,4,Bit,D10448.4,1
EQ_10,Spare,5,Bit,D10448.5,1
EQ_10,P.Online,6,Bit,D10448.6,1
EQ_10,P.E-STOP,7,Bit,D10448.7,1
EQ_10,Transferring_FromSTK,8,Bit,D10448.8,1
EQ_10,TR_REQ_FromSTK,9,Bit,D10448.9,1
EQ_10,BUSY_FromSTK,10,Bit,D10448.A,1
EQ_10,COMPLETE_FromSTK,11,Bit,D10448.B,1
EQ_10,CRANE_1_FromSTK,12,Bit,D10448.C,1
EQ_10,CRANE_2_FromSTK,13,Bit,D10448.D,1
EQ_10,A.Error_FromSTK,14,Bit,D10448.E,1
EQ_10,ForkNumber_FromSTK,15,Bit,D10448.F,1
EQ_10,CSTID,16,WordBlock,W2990,10
EQ_11,L_REQ,0,Bit,D10452.0,1
EQ_11,U_REQ,1,Bit,D10452.1,1
EQ_11,Ready,2,Bit,D10452.2,1
EQ_11,CARRIER,3,Bit,D10452.3,1
EQ_11,P.Error,4,Bit,D10452.4,1
EQ_11,Spare,5,Bit,D10452.5,1
EQ_11,P.Online,6,Bit,D10452.6,1
EQ_11,P.E-STOP,7,Bit,D10452.7,1
EQ_11,Transferring_FromSTK,8,Bit,D10452.8,1
EQ_11,TR_REQ_FromSTK,9,Bit,D10452.9,1
EQ_11,BUSY_FromSTK,10,Bit,D10452.A,1
EQ_11,COMPLETE_FromSTK,11,Bit,D10452.B,1
EQ_11,CRANE_1_FromSTK,12,Bit,D10452.C,1
EQ_11,CRANE_2_FromSTK,13,Bit,D10452.D,1
EQ_11,A.Error_FromSTK,14,Bit,D10452.E,1
EQ_11,ForkNumber_FromSTK,15,Bit,D10452.F,1
EQ_11,CSTID,16,WordBlock,W29A0,10
EQ_12,L_REQ,0,Bit,D10456.0,1
EQ_12,U_REQ,1,Bit,D10456.1,1
EQ_12,Ready,2,Bit,D10456.2,1
EQ_12,CARRIER,3,Bit,D10456.3,1
EQ_12,P.Error,4,Bit,D10456.4,1
EQ_12,Spare,5,Bit,D10456.5,1
EQ_12,P.Online,6,Bit,D10456.6,1
EQ_12,P.E-STOP,7,Bit,D10456.7,1
EQ_12,Transferring_FromSTK,8,Bit,D10456.8,1
EQ_12,TR_REQ_FromSTK,9,Bit,D10456.9,1
EQ_12,BUSY_FromSTK,10,Bit,D10456.A,1
EQ_12,COMPLETE_FromSTK,11,Bit,D10456.B,1
EQ_12,CRANE_1_FromSTK,12,Bit,D10456.C,1
EQ_12,CRANE_2_FromSTK,13,Bit,D10456.D,1
EQ_12,A.Error_FromSTK,14,Bit,D10456.E,1
EQ_12,ForkNumber_FromSTK,15,Bit,D10456.F,1
EQ_12,CSTID,16,WordBlock,W29B0,10
EQ_13,L_REQ,0,Bit,D10460.0,1
EQ_13,U_REQ,1,Bit,D10460.1,1
EQ_13,Ready,2,Bit,D10460.2,1
EQ_13,CARRIER,3,Bit,D10460.3,1
EQ_13,P.Error,4,Bit,D10460.4,1
EQ_13,Spare,5,Bit,D10460.5,1
EQ_13,P.Online,6,Bit,D10460.6,1
EQ_13,P.E-STOP,7,Bit,D10460.7,1
EQ_13,Transferring_FromSTK,8,Bit,D10460.8,1
EQ_13,TR_REQ_FromSTK,9,Bit,D10460.9,1
EQ_13,BUSY_FromSTK,10,Bit,D10460.A,1
EQ_13,COMPLETE_FromSTK,11,Bit,D10460.B,1
EQ_13,CRANE_1_FromSTK,12,Bit,D10460.C,1
EQ_13,CRANE_2_FromSTK,13,Bit,D10460.D,1
EQ_13,A.Error_FromSTK,14,Bit,D10460.E,1
EQ_13,ForkNumber_FromSTK,15,Bit,D10460.F,1
EQ_13,CSTID,16,WordBlock,W29C0,10
EQ_14,L_REQ,0,Bit,D10464.0,1
EQ_14,U_REQ,1,Bit,D10464.1,1
EQ_14,Ready,2,Bit,D10464.2,1
EQ_14,CARRIER,3,Bit,D10464.3,1
EQ_14,P.Error,4,Bit,D10464.4,1
EQ_14,Spare,5,Bit,D10464.5,1
EQ_14,P.Online,6,Bit,D10464.6,1
EQ_14,P.E-STOP,7,Bit,D10464.7,1
EQ_14,Transferring_FromSTK,8,Bit,D10464.8,1
EQ_14,TR_REQ_FromSTK,9,Bit,D10464.9,1
EQ_14,BUSY_FromSTK,10,Bit,D10464.A,1
EQ_14,COMPLETE_FromSTK,11,Bit,D10464.B,1
EQ_14,CRANE_1_FromSTK,12,Bit,D10464.C,1
EQ_14,CRANE_2_FromSTK,13,Bit,D10464.D,1
EQ_14,A.Error_FromSTK,14,Bit,D10464.E,1
EQ_14,ForkNumber_FromSTK,15,Bit,D10464.F,1
EQ_14,CSTID,16,WordBlock,W29D0,10
EQ_15,L_REQ,0,Bit,D10468.0,1
EQ_15,U_REQ,1,Bit,D10468.1,1
EQ_15,Ready,2,Bit,D10468.2,1
EQ_15,CARRIER,3,Bit,D10468.3,1
EQ_15,P.Error,4,Bit,D10468.4,1
EQ_15,Spare,5,Bit,D10468.5,1
EQ_15,P.Online,6,Bit,D10468.6,1
EQ_15,P.E-STOP,7,Bit,D10468.7,1
EQ_15,Transferring_FromSTK,8,Bit,D10468.8,1
EQ_15,TR_REQ_FromSTK,9,Bit,D10468.9,1
EQ_15,BUSY_FromSTK,10,Bit,D10468.A,1
EQ_15,COMPLETE_FromSTK,11,Bit,D10468.B,1
EQ_15,CRANE_1_FromSTK,12,Bit,D10468.C,1
EQ_15,CRANE_2_FromSTK,13,Bit,D10468.D,1
EQ_15,A.Error_FromSTK,14,Bit,D10468.E,1
EQ_15,ForkNumber_FromSTK,15,Bit,D10468.F,1
EQ_15,CSTID,16,WordBlock,W29E0,10
EQ_16,L_REQ,0,Bit,D10472.0,1
EQ_16,U_REQ,1,Bit,D10472.1,1
EQ_16,Ready,2,Bit,D10472.2,1
EQ_16,CARRIER,3,Bit,D10472.3,1
EQ_16,P.Error,4,Bit,D10472.4,1
EQ_16,Spare,5,Bit,D10472.5,1
EQ_16,P.Online,6,Bit,D10472.6,1
EQ_16,P.E-STOP,7,Bit,D10472.7,1
EQ_16,Transferring_FromSTK,8,Bit,D10472.8,1
EQ_16,TR_REQ_FromSTK,9,Bit,D10472.9,1
EQ_16,BUSY_FromSTK,10,Bit,D10472.A,1
EQ_16,COMPLETE_FromSTK,11,Bit,D10472.B,1
EQ_16,CRANE_1_FromSTK,12,Bit,D10472.C,1
EQ_16,CRANE_2_FromSTK,13,Bit,D10472.D,1
EQ_16,A.Error_FromSTK,14,Bit,D10472.E,1
EQ_16,ForkNumber_FromSTK,15,Bit,D10472.F,1
EQ_16,CSTID,16,WordBlock,W29F0,10
EQ_17,L_REQ,0,Bit,D10476.0,1
EQ_17,U_REQ,1,Bit,D10476.1,1
EQ_17,Ready,2,Bit,D10476.2,1
EQ_17,CARRIER,3,Bit,D10476.3,1
EQ_17,P.Error,4,Bit,D10476.4,1
EQ_17,Spare,5,Bit,D10476.5,1
EQ_17,P.Online,6,Bit,D10476.6,1
EQ_17,P.E-STOP,7,Bit,D10476.7,1
EQ_17,Transferring_FromSTK,8,Bit,D10476.8,1
EQ_17,TR_REQ_FromSTK,9,Bit,D10476.9,1
EQ_17,BUSY_FromSTK,10,Bit,D10476.A,1
EQ_17,COMPLETE_FromSTK,11,Bit,D10476.B,1
EQ_17,CRANE_1_FromSTK,12,Bit,D10476.C,1
EQ_17,CRANE_2_FromSTK,13,Bit,D10476.D,1
EQ_17,A.Error_FromSTK,14,Bit,D10476.E,1
EQ_17,ForkNumber_FromSTK,15,Bit,D10476.F,1
EQ_17,CSTID,16,WordBlock,W2A00,10
EQ_18,L_REQ,0,Bit,D10480.0,1
EQ_18,U_REQ,1,Bit,D10480.1,1
EQ_18,Ready,2,Bit,D10480.2,1
EQ_18,CARRIER,3,Bit,D10480.3,1
EQ_18,P.Error,4,Bit,D10480.4,1
EQ_18,Spare,5,Bit,D10480.5,1
EQ_18,P.Online,6,Bit,D10480.6,1
EQ_18,P.E-STOP,7,Bit,D10480.7,1
EQ_18,Transferring_FromSTK,8,Bit,D10480.8,1
EQ_18,TR_REQ_FromSTK,9,Bit,D10480.9,1
EQ_18,BUSY_FromSTK,10,Bit,D10480.A,1
EQ_18,COMPLETE_FromSTK,11,Bit,D10480.B,1
EQ_18,CRANE_1_FromSTK,12,Bit,D10480.C,1
EQ_18,CRANE_2_FromSTK,13,Bit,D10480.D,1
EQ_18,A.Error_FromSTK,14,Bit,D10480.E,1
EQ_18,ForkNumber_FromSTK,15,Bit,D10480.F,1
EQ_18,CSTID,16,WordBlock,W2A10,10
EQ_19,L_REQ,0,Bit,D10484.0,1
EQ_19,U_REQ,1,Bit,D10484.1,1
EQ_19,Ready,2,Bit,D10484.2,1
EQ_19,CARRIER,3,Bit,D10484.3,1
EQ_19,P.Error,4,Bit,D10484.4,1
EQ_19,Spare,5,Bit,D10484.5,1
EQ_19,P.Online,6,Bit,D10484.6,1
EQ_19,P.E-STOP,7,Bit,D10484.7,1
EQ_19,Transferring_FromSTK,8,Bit,D10484.8,1
EQ_19,TR_REQ_FromSTK,9,Bit,D10484.9,1
EQ_19,BUSY_FromSTK,10,Bit,D10484.A,1
EQ_19,COMPLETE_FromSTK,11,Bit,D10484.B,1
EQ_19,CRANE_1_FromSTK,12,Bit,D10484.C,1
EQ_19,CRANE_2_FromSTK,13,Bit,D10484.D,1
EQ_19,A.Error_FromSTK,14,Bit,D10484.E,1
EQ_19,ForkNumber_FromSTK,15,Bit,D10484.F,1
EQ_19,CSTID,16,WordBlock,W2A20,10
EQ_20,L_REQ,0,Bit,D10488.0,1
EQ_20,U_REQ,1,Bit,D10488.1,1
EQ_20,Ready,2,Bit,D10488.2,1
EQ_20,CARRIER,3,Bit,D10488.3,1
EQ_20,P.Error,4,Bit,D10488.4,1
EQ_20,Spare,5,Bit,D10488.5,1
EQ_20,P.Online,6,Bit,D10488.6,1
EQ_20,P.E-STOP,7,Bit,D10488.7,1
EQ_20,Transferring_FromSTK,8,Bit,D10488.8,1
EQ_20,TR_REQ_FromSTK,9,Bit,D10488.9,1
EQ_20,BUSY_FromSTK,10,Bit,D10488.A,1
EQ_20,COMPLETE_FromSTK,11,Bit,D10488.B,1
EQ_20,CRANE_1_FromSTK,12,Bit,D10488.C,1
EQ_20,CRANE_2_FromSTK,13,Bit,D10488.D,1
EQ_20,A.Error_FromSTK,14,Bit,D10488.E,1
EQ_20,ForkNumber_FromSTK,15,Bit,D10488.F,1
EQ_20,CSTID,16,WordBlock,W2A30,10
EQ_21,L_REQ,0,Bit,D10492.0,1
EQ_21,U_REQ,1,Bit,D10492.1,1
EQ_21,Ready,2,Bit,D10492.2,1
EQ_21,CARRIER,3,Bit,D10492.3,1
EQ_21,P.Error,4,Bit,D10492.4,1
EQ_21,Spare,5,Bit,D10492.5,1
EQ_21,P.Online,6,Bit,D10492.6,1
EQ_21,P.E-STOP,7,Bit,D10492.7,1
EQ_21,Transferring_FromSTK,8,Bit,D10492.8,1
EQ_21,TR_REQ_FromSTK,9,Bit,D10492.9,1
EQ_21,BUSY_FromSTK,10,Bit,D10492.A,1
EQ_21,COMPLETE_FromSTK,11,Bit,D10492.B,1
EQ_21,CRANE_1_FromSTK,12,Bit,D10492.C,1
EQ_21,CRANE_2_FromSTK,13,Bit,D10492.D,1
EQ_21,A.Error_FromSTK,14,Bit,D10492.E,1
EQ_21,ForkNumber_FromSTK,15,Bit,D10492.F,1
EQ_21,CSTID,16,WordBlock,W2A40,10
EQ_22,L_REQ,0,Bit,D10496.0,1
EQ_22,U_REQ,1,Bit,D10496.1,1
EQ_22,Ready,2,Bit,D10496.2,1
EQ_22,CARRIER,3,Bit,D10496.3,1
EQ_22,P.Error,4,Bit,D10496.4,1
EQ_22,Spare,5,Bit,D10496.5,1
EQ_22,P.Online,6,Bit,D10496.6,1
EQ_22,P.E-STOP,7,Bit,D10496.7,1
EQ_22,Transferring_FromSTK,8,Bit,D10496.8,1
EQ_22,TR_REQ_FromSTK,9,Bit,D10496.9,1
EQ_22,BUSY_FromSTK,10,Bit,D10496.A,1
EQ_22,COMPLETE_FromSTK,11,Bit,D10496.B,1
EQ_22,CRANE_1_FromSTK,12,Bit,D10496.C,1
EQ_22,CRANE_2_FromSTK,13,Bit,D10496.D,1
EQ_22,A.Error_FromSTK,14,Bit,D10496.E,1
EQ_22,ForkNumber_FromSTK,15,Bit,D10496.F,1
EQ_22,CSTID,16,WordBlock,W2A50,10
EQ_23,L_REQ,0,Bit,D10500.0,1
EQ_23,U_REQ,1,Bit,D10500.1,1
EQ_23,Ready,2,Bit,D10500.2,1
EQ_23,CARRIER,3,Bit,D10500.3,1
EQ_23,P.Error,4,Bit,D10500.4,1
EQ_23,Spare,5,Bit,D10500.5,1
EQ_23,P.Online,6,Bit,D10500.6,1
EQ_23,P.E-STOP,7,Bit,D10500.7,1
EQ_23,Transferring_FromSTK,8,Bit,D10500.8,1
EQ_23,TR_REQ_FromSTK,9,Bit,D10500.9,1
EQ_23,BUSY_FromSTK,10,Bit,D10500.A,1
EQ_23,COMPLETE_FromSTK,11,Bit,D10500.B,1
EQ_23,CRANE_1_FromSTK,12,Bit,D10500.C,1
EQ_23,CRANE_2_FromSTK,13,Bit,D10500.D,1
EQ_23,A.Error_FromSTK,14,Bit,D10500.E,1
EQ_23,ForkNumber_FromSTK,15,Bit,D10500.F,1
EQ_23,CSTID,16,WordBlock,W2A60,10
EQ_24,L_REQ,0,Bit,D10504.0,1
EQ_24,U_REQ,1,Bit,D10504.1,1
EQ_24,Ready,2,Bit,D10504.2,1
EQ_24,CARRIER,3,Bit,D10504.3,1
EQ_24,P.Error,4,Bit,D10504.4,1
EQ_24,Spare,5,Bit,D10504.5,1
EQ_24,P.Online,6,Bit,D10504.6,1
EQ_24,P.E-STOP,7,Bit,D10504.7,1
EQ_24,Transferring_FromSTK,8,Bit,D10504.8,1
EQ_24,TR_REQ_FromSTK,9,Bit,D10504.9,1
EQ_24,BUSY_FromSTK,10,Bit,D10504.A,1
EQ_24,COMPLETE_FromSTK,11,Bit,D10504.B,1
EQ_24,CRANE_1_FromSTK,12,Bit,D10504.C,1
EQ_24,CRANE_2_FromSTK,13,Bit,D10504.D,1
EQ_24,A.Error_FromSTK,14,Bit,D10504.E,1
EQ_24,ForkNumber_FromSTK,15,Bit,D10504.F,1
EQ_24,CSTID,16,WordBlock,W2A70,10
EQ_25,L_REQ,0,Bit,D10508.0,1
EQ_25,U_REQ,1,Bit,D10508.1,1
EQ_25,Ready,2,Bit,D10508.2,1
EQ_25,CARRIER,3,Bit,D10508.3,1
EQ_25,P.Error,4,Bit,D10508.4,1
EQ_25,Spare,5,Bit,D10508.5,1
EQ_25,P.Online,6,Bit,D10508.6,1
EQ_25,P.E-STOP,7,Bit,D10508.7,1
EQ_25,Transferring_FromSTK,8,Bit,D10508.8,1
EQ_25,TR_REQ_FromSTK,9,Bit,D10508.9,1
EQ_25,BUSY_FromSTK,10,Bit,D10508.A,1
EQ_25,COMPLETE_FromSTK,11,Bit,D10508.B,1
EQ_25,CRANE_1_FromSTK,12,Bit,D10508.C,1
EQ_25,CRANE_2_FromSTK,13,Bit,D10508.D,1
EQ_25,A.Error_FromSTK,14,Bit,D10508.E,1
EQ_25,ForkNumber_FromSTK,15,Bit,D10508.F,1
EQ_25,CSTID,16,WordBlock,W2A80,10
EQ_26,L_REQ,0,Bit,D10512.0,1
EQ_26,U_REQ,1,Bit,D10512.1,1
EQ_26,Ready,2,Bit,D10512.2,1
EQ_26,CARRIER,3,Bit,D10512.3,1
EQ_26,P.Error,4,Bit,D10512.4,1
EQ_26,Spare,5,Bit,D10512.5,1
EQ_26,P.Online,6,Bit,D10512.6,1
EQ_26,P.E-STOP,7,Bit,D10512.7,1
EQ_26,Transferring_FromSTK,8,Bit,D10512.8,1
EQ_26,TR_REQ_FromSTK,9,Bit,D10512.9,1
EQ_26,BUSY_FromSTK,10,Bit,D10512.A,1
EQ_26,COMPLETE_FromSTK,11,Bit,D10512.B,1
EQ_26,CRANE_1_FromSTK,12,Bit,D10512.C,1
EQ_26,CRANE_2_FromSTK,13,Bit,D10512.D,1
EQ_26,A.Error_FromSTK,14,Bit,D10512.E,1
EQ_26,ForkNumber_FromSTK,15,Bit,D10512.F,1
EQ_26,CSTID,16,WordBlock,W2A90,10
EQ_27,L_REQ,0,Bit,D10516.0,1
EQ_27,U_REQ,1,Bit,D10516.1,1
EQ_27,Ready,2,Bit,D10516.2,1
EQ_27,CARRIER,3,Bit,D10516.3,1
EQ_27,P.Error,4,Bit,D10516.4,1
EQ_27,Spare,5,Bit,D10516.5,1
EQ_27,P.Online,6,Bit,D10516.6,1
EQ_27,P.E-STOP,7,Bit,D10516.7,1
EQ_27,Transferring_FromSTK,8,Bit,D10516.8,1
EQ_27,TR_REQ_FromSTK,9,Bit,D10516.9,1
EQ_27,BUSY_FromSTK,10,Bit,D10516.A,1
EQ_27,COMPLETE_FromSTK,11,Bit,D10516.B,1
EQ_27,CRANE_1_FromSTK,12,Bit,D10516.C,1
EQ_27,CRANE_2_FromSTK,13,Bit,D10516.D,1
EQ_27,A.Error_FromSTK,14,Bit,D10516.E,1
EQ_27,ForkNumber_FromSTK,15,Bit,D10516.F,1
EQ_27,CSTID,16,WordBlock,W2AA0,10
EQ_28,L_REQ,0,Bit,D10520.0,1
EQ_28,U_REQ,1,Bit,D10520.1,1
EQ_28,Ready,2,Bit,D10520.2,1
EQ_28,CARRIER,3,Bit,D10520.3,1
EQ_28,P.Error,4,Bit,D10520.4,1
EQ_28,Spare,5,Bit,D10520.5,1
EQ_28,P.Online,6,Bit,D10520.6,1
EQ_28,P.E-STOP,7,Bit,D10520.7,1
EQ_28,Transferring_FromSTK,8,Bit,D10520.8,1
EQ_28,TR_REQ_FromSTK,9,Bit,D10520.9,1
EQ_28,BUSY_FromSTK,10,Bit,D10520.A,1
EQ_28,COMPLETE_FromSTK,11,Bit,D10520.B,1
EQ_28,CRANE_1_FromSTK,12,Bit,D10520.C,1
EQ_28,CRANE_2_FromSTK,13,Bit,D10520.D,1
EQ_28,A.Error_FromSTK,14,Bit,D10520.E,1
EQ_28,ForkNumber_FromSTK,15,Bit,D10520.F,1
EQ_28,CSTID,16,WordBlock,W2AB0,10
EQ_29,L_REQ,0,Bit,D10524.0,1
EQ_29,U_REQ,1,Bit,D10524.1,1
EQ_29,Ready,2,Bit,D10524.2,1
EQ_29,CARRIER,3,Bit,D10524.3,1
EQ_29,P.Error,4,Bit,D10524.4,1
EQ_29,Spare,5,Bit,D10524.5,1
EQ_29,P.Online,6,Bit,D10524.6,1
EQ_29,P.E-STOP,7,Bit,D10524.7,1
EQ_29,Transferring_FromSTK,8,Bit,D10524.8,1
EQ_29,TR_REQ_FromSTK,9,Bit,D10524.9,1
EQ_29,BUSY_FromSTK,10,Bit,D10524.A,1
EQ_29,COMPLETE_FromSTK,11,Bit,D10524.B,1
EQ_29,CRANE_1_FromSTK,12,Bit,D10524.C,1
EQ_29,CRANE_2_FromSTK,13,Bit,D10524.D,1
EQ_29,A.Error_FromSTK,14,Bit,D10524.E,1
EQ_29,ForkNumber_FromSTK,15,Bit,D10524.F,1
EQ_29,CSTID,16,WordBlock,W2AC0,10
EQ_30,L_REQ,0,Bit,D10528.0,1
EQ_30,U_REQ,1,Bit,D10528.1,1
EQ_30,Ready,2,Bit,D10528.2,1
EQ_30,CARRIER,3,Bit,D10528.3,1
EQ_30,P.Error,4,Bit,D10528.4,1
EQ_30,Spare,5,Bit,D10528.5,1
EQ_30,P.Online,6,Bit,D10528.6,1
EQ_30,P.E-STOP,7,Bit,D10528.7,1
EQ_30,Transferring_FromSTK,8,Bit,D10528.8,1
EQ_30,TR_REQ_FromSTK,9,Bit,D10528.9,1
EQ_30,BUSY_FromSTK,10,Bit,D10528.A,1
EQ_30,COMPLETE_FromSTK,11,Bit,D10528.B,1
EQ_30,CRANE_1_FromSTK,12,Bit,D10528.C,1
EQ_30,CRANE_2_FromSTK,13,Bit,D10528.D,1
EQ_30,A.Error_FromSTK,14,Bit,D10528.E,1
EQ_30,ForkNumber_FromSTK,15,Bit,D10528.F,1
EQ_30,CSTID,16,WordBlock,W2AD0,10
EQ_31,L_REQ,0,Bit,D10532.0,1
EQ_31,U_REQ,1,Bit,D10532.1,1
EQ_31,Ready,2,Bit,D10532.2,1
EQ_31,CARRIER,3,Bit,D10532.3,1
EQ_31,P.Error,4,Bit,D10532.4,1
EQ_31,Spare,5,Bit,D10532.5,1
EQ_31,P.Online,6,Bit,D10532.6,1
EQ_31,P.E-STOP,7,Bit,D10532.7,1
EQ_31,Transferring_FromSTK,8,Bit,D10532.8,1
EQ_31,TR_REQ_FromSTK,9,Bit,D10532.9,1
EQ_31,BUSY_FromSTK,10,Bit,D10532.A,1
EQ_31,COMPLETE_FromSTK,11,Bit,D10532.B,1
EQ_31,CRANE_1_FromSTK,12,Bit,D10532.C,1
EQ_31,CRANE_2_FromSTK,13,Bit,D10532.D,1
EQ_31,A.Error_FromSTK,14,Bit,D10532.E,1
EQ_31,ForkNumber_FromSTK,15,Bit,D10532.F,1
EQ_31,CSTID,16,WordBlock,W2AE0,10
EQ_32,L_REQ,0,Bit,D10536.0,1
EQ_32,U_REQ,1,Bit,D10536.1,1
EQ_32,Ready,2,Bit,D10536.2,1
EQ_32,CARRIER,3,Bit,D10536.3,1
EQ_32,P.Error,4,Bit,D10536.4,1
EQ_32,Spare,5,Bit,D10536.5,1
EQ_32,P.Online,6,Bit,D10536.6,1
EQ_32,P.E-STOP,7,Bit,D10536.7,1
EQ_32,Transferring_FromSTK,8,Bit,D10536.8,1
EQ_32,TR_REQ_FromSTK,9,Bit,D10536.9,1
EQ_32,BUSY_FromSTK,10,Bit,D10536.A,1
EQ_32,COMPLETE_FromSTK,11,Bit,D10536.B,1
EQ_32,CRANE_1_FromSTK,12,Bit,D10536.C,1
EQ_32,CRANE_2_FromSTK,13,Bit,D10536.D,1
EQ_32,A.Error_FromSTK,14,Bit,D10536.E,1
EQ_32,ForkNumber_FromSTK,15,Bit,D10536.F,1
EQ_32,CSTID,16,WordBlock,W2AF0,10
EQ_33,L_REQ,0,Bit,D10540.0,1
EQ_33,U_REQ,1,Bit,D10540.1,1
EQ_33,Ready,2,Bit,D10540.2,1
EQ_33,CARRIER,3,Bit,D10540.3,1
EQ_33,P.Error,4,Bit,D10540.4,1
EQ_33,Spare,5,Bit,D10540.5,1
EQ_33,P.Online,6,Bit,D10540.6,1
EQ_33,P.E-STOP,7,Bit,D10540.7,1
EQ_33,Transferring_FromSTK,8,Bit,D10540.8,1
EQ_33,TR_REQ_FromSTK,9,Bit,D10540.9,1
EQ_33,BUSY_FromSTK,10,Bit,D10540.A,1
EQ_33,COMPLETE_FromSTK,11,Bit,D10540.B,1
EQ_33,CRANE_1_FromSTK,12,Bit,D10540.C,1
EQ_33,CRANE_2_FromSTK,13,Bit,D10540.D,1
EQ_33,A.Error_FromSTK,14,Bit,D10540.E,1
EQ_33,ForkNumber_FromSTK,15,Bit,D10540.F,1
EQ_33,CSTID,16,WordBlock,W2B00,10
EQ_34,L_REQ,0,Bit,D10544.0,1
EQ_34,U_REQ,1,Bit,D10544.1,1
EQ_34,Ready,2,Bit,D10544.2,1
EQ_34,CARRIER,3,Bit,D10544.3,1
EQ_34,P.Error,4,Bit,D10544.4,1
EQ_34,Spare,5,Bit,D10544.5,1
EQ_34,P.Online,6,Bit,D10544.6,1
EQ_34,P.E-STOP,7,Bit,D10544.7,1
EQ_34,Transferring_FromSTK,8,Bit,D10544.8,1
EQ_34,TR_REQ_FromSTK,9,Bit,D10544.9,1
EQ_34,BUSY_FromSTK,10,Bit,D10544.A,1
EQ_34,COMPLETE_FromSTK,11,Bit,D10544.B,1
EQ_34,CRANE_1_FromSTK,12,Bit,D10544.C,1
EQ_34,CRANE_2_FromSTK,13,Bit,D10544.D,1
EQ_34,A.Error_FromSTK,14,Bit,D10544.E,1
EQ_34,ForkNumber_FromSTK,15,Bit,D10544.F,1
EQ_34,CSTID,16,WordBlock,W2B10,10
EQ_35,L_REQ,0,Bit,D10548.0,1
EQ_35,U_REQ,1,Bit,D10548.1,1
EQ_35,Ready,2,Bit,D10548.2,1
EQ_35,CARRIER,3,Bit,D10548.3,1
EQ_35,P.Error,4,Bit,D10548.4,1
EQ_35,Spare,5,Bit,D10548.5,1
EQ_35,P.Online,6,Bit,D10548.6,1
EQ_35,P.E-STOP,7,Bit,D10548.7,1
EQ_35,Transferring_FromSTK,8,Bit,D10548.8,1
EQ_35,TR_REQ_FromSTK,9,Bit,D10548.9,1
EQ_35,BUSY_FromSTK,10,Bit,D10548.A,1
EQ_35,COMPLETE_FromSTK,11,Bit,D10548.B,1
EQ_35,CRANE_1_FromSTK,12,Bit,D10548.C,1
EQ_35,CRANE_2_FromSTK,13,Bit,D10548.D,1
EQ_35,A.Error_FromSTK,14,Bit,D10548.E,1
EQ_35,ForkNumber_FromSTK,15,Bit,D10548.F,1
EQ_35,CSTID,16,WordBlock,W2B20,10
EQ_36,L_REQ,0,Bit,D10552.0,1
EQ_36,U_REQ,1,Bit,D10552.1,1
EQ_36,Ready,2,Bit,D10552.2,1
EQ_36,CARRIER,3,Bit,D10552.3,1
EQ_36,P.Error,4,Bit,D10552.4,1
EQ_36,Spare,5,Bit,D10552.5,1
EQ_36,P.Online,6,Bit,D10552.6,1
EQ_36,P.E-STOP,7,Bit,D10552.7,1
EQ_36,Transferring_FromSTK,8,Bit,D10552.8,1
EQ_36,TR_REQ_FromSTK,9,Bit,D10552.9,1
EQ_36,BUSY_FromSTK,10,Bit,D10552.A,1
EQ_36,COMPLETE_FromSTK,11,Bit,D10552.B,1
EQ_36,CRANE_1_FromSTK,12,Bit,D10552.C,1
EQ_36,CRANE_2_FromSTK,13,Bit,D10552.D,1
EQ_36,A.Error_FromSTK,14,Bit,D10552.E,1
EQ_36,ForkNumber_FromSTK,15,Bit,D10552.F,1
EQ_36,CSTID,16,WordBlock,W2B30,10
EQ_37,L_REQ,0,Bit,D10556.0,1
EQ_37,U_REQ,1,Bit,D10556.1,1
EQ_37,Ready,2,Bit,D10556.2,1
EQ_37,CARRIER,3,Bit,D10556.3,1
EQ_37,P.Error,4,Bit,D10556.4,1
EQ_37,Spare,5,Bit,D10556.5,1
EQ_37,P.Online,6,Bit,D10556.6,1
EQ_37,P.E-STOP,7,Bit,D10556.7,1
EQ_37,Transferring_FromSTK,8,Bit,D10556.8,1
EQ_37,TR_REQ_FromSTK,9,Bit,D10556.9,1
EQ_37,BUSY_FromSTK,10,Bit,D10556.A,1
EQ_37,COMPLETE_FromSTK,11,Bit,D10556.B,1
EQ_37,CRANE_1_FromSTK,12,Bit,D10556.C,1
EQ_37,CRANE_2_FromSTK,13,Bit,D10556.D,1
EQ_37,A.Error_FromSTK,14,Bit,D10556.E,1
EQ_37,ForkNumber_FromSTK,15,Bit,D10556.F,1
EQ_37,CSTID,16,WordBlock,W2B40,10
EQ_38,L_REQ,0,Bit,D10560.0,1
EQ_38,U_REQ,1,Bit,D10560.1,1
EQ_38,Ready,2,Bit,D10560.2,1
EQ_38,CARRIER,3,Bit,D10560.3,1
EQ_38,P.Error,4,Bit,D10560.4,1
EQ_38,Spare,5,Bit,D10560.5,1
EQ_38,P.Online,6,Bit,D10560.6,1
EQ_38,P.E-STOP,7,Bit,D10560.7,1
EQ_38,Transferring_FromSTK,8,Bit,D10560.8,1
EQ_38,TR_REQ_FromSTK,9,Bit,D10560.9,1
EQ_38,BUSY_FromSTK,10,Bit,D10560.A,1
EQ_38,COMPLETE_FromSTK,11,Bit,D10560.B,1
EQ_38,CRANE_1_FromSTK,12,Bit,D10560.C,1
EQ_38,CRANE_2_FromSTK,13,Bit,D10560.D,1
EQ_38,A.Error_FromSTK,14,Bit,D10560.E,1
EQ_38,ForkNumber_FromSTK,15,Bit,D10560.F,1
EQ_38,CSTID,16,WordBlock,W2B50,10
EQ_39,L_REQ,0,Bit,D10564.0,1
EQ_39,U_REQ,1,Bit,D10564.1,1
EQ_39,Ready,2,Bit,D10564.2,1
EQ_39,CARRIER,3,Bit,D10564.3,1
EQ_39,P.Error,4,Bit,D10564.4,1
EQ_39,Spare,5,Bit,D10564.5,1
EQ_39,P.Online,6,Bit,D10564.6,1
EQ_39,P.E-STOP,7,Bit,D10564.7,1
EQ_39,Transferring_FromSTK,8,Bit,D10564.8,1
EQ_39,TR_REQ_FromSTK,9,Bit,D10564.9,1
EQ_39,BUSY_FromSTK,10,Bit,D10564.A,1
EQ_39,COMPLETE_FromSTK,11,Bit,D10564.B,1
EQ_39,CRANE_1_FromSTK,12,Bit,D10564.C,1
EQ_39,CRANE_2_FromSTK,13,Bit,D10564.D,1
EQ_39,A.Error_FromSTK,14,Bit,D10564.E,1
EQ_39,ForkNumber_FromSTK,15,Bit,D10564.F,1
EQ_39,CSTID,16,WordBlock,W2B60,10
EQ_40,L_REQ,0,Bit,D10568.0,1
EQ_40,U_REQ,1,Bit,D10568.1,1
EQ_40,Ready,2,Bit,D10568.2,1
EQ_40,CARRIER,3,Bit,D10568.3,1
EQ_40,P.Error,4,Bit,D10568.4,1
EQ_40,Spare,5,Bit,D10568.5,1
EQ_40,P.Online,6,Bit,D10568.6,1
EQ_40,P.E-STOP,7,Bit,D10568.7,1
EQ_40,Transferring_FromSTK,8,Bit,D10568.8,1
EQ_40,TR_REQ_FromSTK,9,Bit,D10568.9,1
EQ_40,BUSY_FromSTK,10,Bit,D10568.A,1
EQ_40,COMPLETE_FromSTK,11,Bit,D10568.B,1
EQ_40,CRANE_1_FromSTK,12,Bit,D10568.C,1
EQ_40,CRANE_2_FromSTK,13,Bit,D10568.D,1
EQ_40,A.Error_FromSTK,14,Bit,D10568.E,1
EQ_40,ForkNumber_FromSTK,15,Bit,D10568.F,1
EQ_40,CSTID,16,WordBlock,W2B70,10
